DATE,lat,long,easting,northing,FloodProb
2019-01-01,52.58357279,1.567031216,641745.0448,304395.0268,High
2019-01-01,52.58357279,1.567031216,641745.0448,304395.0268,High
2019-01-08,52.58357279,1.567031216,641745.0448,304395.0268,High
2019-01-08,52.58357279,1.567031216,641745.0448,304395.0268,High
2019-01-08,52.58357279,1.567031216,641745.0448,304395.0268,High
2019-01-08,52.58357279,1.567031216,641745.0448,304395.0268,High
2019-01-08,52.58357279,1.567031216,641745.0448,304395.0268,High
2019-01-09,52.58357279,1.567031216,641745.0448,304395.0268,High
2019-01-09,51.02245567,-3.825162758,272088.0809,126372.7999,Zero
2019-01-09,51.02245567,-3.825162758,272088.0809,126372.7999,Zero
2019-01-09,51.02245567,-3.825162758,272088.0809,126372.7999,Zero
2019-01-09,51.02245567,-3.825162758,272088.0809,126372.7999,Zero
2019-01-09,51.02245567,-3.825162758,272088.0809,126372.7999,Zero
2019-01-09,51.53083354,-2.053318711,396398.0309,181326.3642,Zero
2019-01-09,51.53083354,-2.053318711,396398.0309,181326.3642,Zero
2019-01-09,51.53083354,-2.053318711,396398.0309,181326.3642,Zero
2019-01-09,50.8245899,-3.184483881,316667.359,103452.2022,High
2019-01-09,50.8245899,-3.184483881,316667.359,103452.2022,High
2019-01-09,50.8245899,-3.184483881,316667.359,103452.2022,High
2019-01-09,50.82720763,-2.967777115,331934.5657,103520.9788,High
2019-01-09,50.82720763,-2.967777115,331934.5657,103520.9788,High
2019-01-09,50.82720763,-2.967777115,331934.5657,103520.9788,High
2019-01-13,50.82720763,-2.967777115,331934.5657,103520.9788,High
2019-01-13,50.82720763,-2.967777115,331934.5657,103520.9788,High
2019-01-18,50.8408652,-3.417233557,300308.9971,105550.6023,Zero
2019-01-21,50.8408652,-3.417233557,300308.9971,105550.6023,Zero
2019-01-21,50.8408652,-3.417233557,300308.9971,105550.6023,Zero
2019-01-22,50.8408652,-3.417233557,300308.9971,105550.6023,Zero
2019-01-22,50.8408652,-3.417233557,300308.9971,105550.6023,Zero
2019-01-22,50.8408652,-3.417233557,300308.9971,105550.6023,Zero
2019-01-24,50.8408652,-3.417233557,300308.9971,105550.6023,Zero
2019-01-24,52.96254848,0.772160474,586284.5026,344171.7277,Medium
2019-01-26,52.96254848,0.772160474,586284.5026,344171.7277,Medium
2019-01-26,52.96254848,0.772160474,586284.5026,344171.7277,Medium
2019-01-27,52.96254848,0.772160474,586284.5026,344171.7277,Medium
2019-01-27,52.96254848,0.772160474,586284.5026,344171.7277,Medium
2019-01-31,52.96254848,0.772160474,586284.5026,344171.7277,Medium
2019-02-08,52.96254848,0.772160474,586284.5026,344171.7277,Medium
2019-02-08,52.96254848,0.772160474,586284.5026,344171.7277,Medium
2019-02-09,52.96254848,0.772160474,586284.5026,344171.7277,Medium
2019-02-09,53.05836528,-1.998789221,400178.4081,351234.9526,Zero
2019-02-09,53.05836528,-1.998789221,400178.4081,351234.9526,Zero
2019-02-09,53.05836528,-1.998789221,400178.4081,351234.9526,Zero
2019-02-09,53.05836528,-1.998789221,400178.4081,351234.9526,Zero
2019-02-09,53.05836528,-1.998789221,400178.4081,351234.9526,Zero
2019-02-09,53.05836528,-1.998789221,400178.4081,351234.9526,Zero
2019-02-09,53.05836528,-1.998789221,400178.4081,351234.9526,Zero
2019-02-19,53.05836528,-1.998789221,400178.4081,351234.9526,Zero
2019-02-19,53.05836528,-1.998789221,400178.4081,351234.9526,Zero
2019-02-19,53.05836528,-1.998789221,400178.4081,351234.9526,Zero
2019-02-19,53.05836528,-1.998789221,400178.4081,351234.9526,Zero
2019-02-19,53.05836528,-1.998789221,400178.4081,351234.9526,Zero
2019-02-19,53.34931778,-2.346614383,377023.4935,383659.1714,Medium
2019-02-19,53.34931778,-2.346614383,377023.4935,383659.1714,Medium
2019-02-19,53.43327992,-2.053856347,396519.2743,392945.4456,Zero
2019-02-20,53.43327992,-2.053856347,396519.2743,392945.4456,Zero
2019-02-20,53.43327992,-2.053856347,396519.2743,392945.4456,Zero
2019-02-20,53.43327992,-2.053856347,396519.2743,392945.4456,Zero
2019-02-20,53.43327992,-2.053856347,396519.2743,392945.4456,Zero
2019-02-20,53.43327992,-2.053856347,396519.2743,392945.4456,Zero
2019-02-20,53.43570088,-2.318961749,378907.2871,393260.8732,Low
2019-02-20,53.43570088,-2.318961749,378907.2871,393260.8732,Low
2019-02-20,53.43570088,-2.318961749,378907.2871,393260.8732,Low
2019-02-20,53.43570088,-2.318961749,378907.2871,393260.8732,Low
2019-02-20,53.43570088,-2.318961749,378907.2871,393260.8732,Low
2019-02-20,53.43570088,-2.318961749,378907.2871,393260.8732,Low
2019-02-20,53.43570088,-2.318961749,378907.2871,393260.8732,Low
2019-02-20,53.43570088,-2.318961749,378907.2871,393260.8732,Low
2019-02-21,53.43570088,-2.318961749,378907.2871,393260.8732,Low
2019-02-21,53.43570088,-2.318961749,378907.2871,393260.8732,Low
2019-02-21,53.43570088,-2.318961749,378907.2871,393260.8732,Low
2019-02-21,54.91574773,-2.928095065,340603.9231,558288.3846,Zero
2019-02-21,54.91574773,-2.928095065,340603.9231,558288.3846,Zero
2019-02-21,54.91574773,-2.928095065,340603.9231,558288.3846,Zero
2019-02-21,54.91574773,-2.928095065,340603.9231,558288.3846,Zero
2019-02-22,54.91574773,-2.928095065,340603.9231,558288.3846,Zero
2019-02-22,54.91574773,-2.928095065,340603.9231,558288.3846,Zero
2019-03-03,54.91574773,-2.928095065,340603.9231,558288.3846,Zero
2019-03-03,54.91574773,-2.928095065,340603.9231,558288.3846,Zero
2019-03-03,54.91574773,-2.928095065,340603.9231,558288.3846,Zero
2019-03-03,54.91574773,-2.928095065,340603.9231,558288.3846,Zero
2019-03-03,54.91574773,-2.928095065,340603.9231,558288.3846,Zero
2019-03-03,54.91574773,-2.928095065,340603.9231,558288.3846,Zero
2019-03-03,54.77208205,-2.980296032,337034.0651,542347.7546,Zero
2019-03-03,54.77208205,-2.980296032,337034.0651,542347.7546,Zero
2019-03-05,54.77208205,-2.980296032,337034.0651,542347.7546,Zero
2019-03-08,54.77208205,-2.980296032,337034.0651,542347.7546,Zero
2019-03-08,54.77208205,-2.980296032,337034.0651,542347.7546,Zero
2019-03-08,54.77208205,-2.980296032,337034.0651,542347.7546,Zero
2019-03-08,54.77208205,-2.980296032,337034.0651,542347.7546,Zero
2019-03-08,54.77208205,-2.980296032,337034.0651,542347.7546,Zero
2019-03-09,54.77208205,-2.980296032,337034.0651,542347.7546,Zero
2019-03-09,54.61973377,-3.364276661,312003.8368,525809.5131,Zero
2019-03-13,54.61973377,-3.364276661,312003.8368,525809.5131,Zero
2019-03-13,54.61973377,-3.364276661,312003.8368,525809.5131,Zero
2019-03-13,54.31925744,-3.21460287,321091.092,492199.799,Zero
2019-03-13,54.31925744,-3.21460287,321091.092,492199.799,Zero
2019-03-13,54.31925744,-3.21460287,321091.092,492199.799,Zero
2019-03-13,54.31925744,-3.21460287,321091.092,492199.799,Zero
2019-03-13,54.31925744,-3.21460287,321091.092,492199.799,Zero
2019-03-13,54.31925744,-3.21460287,321091.092,492199.799,Zero
2019-03-13,54.31925744,-3.21460287,321091.092,492199.799,Zero
2019-03-13,54.31925744,-3.21460287,321091.092,492199.799,Zero
2019-03-13,54.31925744,-3.21460287,321091.092,492199.799,Zero
2019-03-13,54.50380858,-3.448462026,306302.4227,513020.2014,Zero
2019-03-13,54.50380858,-3.448462026,306302.4227,513020.2014,Zero
2019-03-13,54.50380858,-3.448462026,306302.4227,513020.2014,Zero
2019-03-14,54.50380858,-3.448462026,306302.4227,513020.2014,Zero
2019-03-14,54.50380858,-3.448462026,306302.4227,513020.2014,Zero
2019-03-14,54.50380858,-3.448462026,306302.4227,513020.2014,Zero
2019-03-14,54.36794797,-2.7670119,350263.9297,497208.3459,Zero
2019-03-14,54.36794797,-2.7670119,350263.9297,497208.3459,Zero
2019-03-14,54.36794797,-2.7670119,350263.9297,497208.3459,Zero
2019-03-14,54.36794797,-2.7670119,350263.9297,497208.3459,Zero
2019-03-14,54.36794797,-2.7670119,350263.9297,497208.3459,Zero
2019-03-14,54.36794797,-2.7670119,350263.9297,497208.3459,Zero
2019-03-14,54.36794797,-2.7670119,350263.9297,497208.3459,Zero
2019-03-14,54.36794797,-2.7670119,350263.9297,497208.3459,Zero
2019-03-15,54.57178208,-2.828629643,346527.6628,519934.0367,Zero
2019-03-15,54.57178208,-2.828629643,346527.6628,519934.0367,Zero
2019-03-15,54.57178208,-2.828629643,346527.6628,519934.0367,Zero
2019-03-15,54.57178208,-2.828629643,346527.6628,519934.0367,Zero
2019-03-16,54.57178208,-2.828629643,346527.6628,519934.0367,Zero
2019-03-16,54.57178208,-2.828629643,346527.6628,519934.0367,Zero
2019-03-16,54.57178208,-2.828629643,346527.6628,519934.0367,Zero
2019-03-16,54.57178208,-2.828629643,346527.6628,519934.0367,Zero
2019-03-16,52.84951607,-1.929565921,404840.5895,328004.0003,Zero
2019-03-16,52.84951607,-1.929565921,404840.5895,328004.0003,Zero
2019-03-16,52.84951607,-1.929565921,404840.5895,328004.0003,Zero
2019-03-16,52.84951607,-1.929565921,404840.5895,328004.0003,Zero
2019-03-16,54.01522306,-2.846894915,344603.312,458022.3638,High
2019-03-16,54.01522306,-2.846894915,344603.312,458022.3638,High
2019-03-16,54.01522306,-2.846894915,344603.312,458022.3638,High
2019-03-16,54.01522306,-2.846894915,344603.312,458022.3638,High
2019-03-16,54.01522306,-2.846894915,344603.312,458022.3638,High
2019-03-16,54.01522306,-2.846894915,344603.312,458022.3638,High
2019-03-16,54.01522306,-2.846894915,344603.312,458022.3638,High
2019-03-16,54.01522306,-2.846894915,344603.312,458022.3638,High
2019-03-16,53.96196899,-2.852868071,344140.55,452102.0281,High
2019-03-16,53.96196899,-2.852868071,344140.55,452102.0281,High
2019-03-16,53.96196899,-2.852868071,344140.55,452102.0281,High
2019-03-16,53.96196899,-2.852868071,344140.55,452102.0281,High
2019-03-16,53.96196899,-2.852868071,344140.55,452102.0281,High
2019-03-16,53.87660077,-2.980089236,335662.3903,442712.192,Zero
2019-03-16,53.87660077,-2.980089236,335662.3903,442712.192,Zero
2019-03-16,53.87660077,-2.980089236,335662.3903,442712.192,Zero
2019-03-16,53.87660077,-2.980089236,335662.3903,442712.192,Zero
2019-03-16,53.87660077,-2.980089236,335662.3903,442712.192,Zero
2019-03-16,53.87660077,-2.980089236,335662.3903,442712.192,Zero
2019-03-16,53.87660077,-2.980089236,335662.3903,442712.192,Zero
2019-03-16,53.87660077,-2.980089236,335662.3903,442712.192,Zero
2019-03-16,53.87660077,-2.980089236,335662.3903,442712.192,Zero
2019-03-16,53.87660077,-2.980089236,335662.3903,442712.192,Zero
2019-03-16,53.87660077,-2.980089236,335662.3903,442712.192,Zero
2019-03-16,53.87660077,-2.980089236,335662.3903,442712.192,Zero
2019-03-16,53.87660077,-2.980089236,335662.3903,442712.192,Zero
2019-03-16,53.87660077,-2.980089236,335662.3903,442712.192,Zero
2019-03-16,53.87660077,-2.980089236,335662.3903,442712.192,Zero
2019-03-16,53.87660077,-2.980089236,335662.3903,442712.192,Zero
2019-03-16,53.87660077,-2.980089236,335662.3903,442712.192,Zero
2019-03-16,53.87660077,-2.980089236,335662.3903,442712.192,Zero
2019-03-16,53.87660077,-2.980089236,335662.3903,442712.192,Zero
2019-03-16,53.87660077,-2.980089236,335662.3903,442712.192,Zero
2019-03-16,54.10291935,-2.67034149,356264.5783,467655.6791,High
2019-03-16,54.10291935,-2.67034149,356264.5783,467655.6791,High
2019-03-16,54.10291935,-2.67034149,356264.5783,467655.6791,High
2019-03-16,54.10291935,-2.67034149,356264.5783,467655.6791,High
2019-03-16,54.10291935,-2.67034149,356264.5783,467655.6791,High
2019-03-17,54.10291935,-2.67034149,356264.5783,467655.6791,High
2019-03-17,54.10291935,-2.67034149,356264.5783,467655.6791,High
2019-03-17,54.10291935,-2.67034149,356264.5783,467655.6791,High
2019-03-17,53.85855671,-2.783633847,348555.7365,440544.0115,Zero
2019-03-17,53.85855671,-2.783633847,348555.7365,440544.0115,Zero
2019-03-17,53.85855671,-2.783633847,348555.7365,440544.0115,Zero
2019-03-17,53.85855671,-2.783633847,348555.7365,440544.0115,Zero
2019-03-17,53.85855671,-2.783633847,348555.7365,440544.0115,Zero
2019-03-17,53.75386052,-2.667298148,356097.8254,428817.4641,High
2019-03-17,53.75386052,-2.667298148,356097.8254,428817.4641,High
2019-03-20,53.75386052,-2.667298148,356097.8254,428817.4641,High
2019-03-20,53.81510029,-2.520870886,365802.7264,435550.1257,Medium
2019-03-21,53.81510029,-2.520870886,365802.7264,435550.1257,Medium
2019-03-21,53.81510029,-2.520870886,365802.7264,435550.1257,Medium
2019-03-21,53.81510029,-2.520870886,365802.7264,435550.1257,Medium
2019-03-21,53.81510029,-2.520870886,365802.7264,435550.1257,Medium
2019-03-21,53.21533532,-1.704071986,419858.7724,368738.2955,Zero
2019-03-21,53.21533532,-1.704071986,419858.7724,368738.2955,Zero
2019-03-21,53.21533532,-1.704071986,419858.7724,368738.2955,Zero
2019-03-21,53.21533532,-1.704071986,419858.7724,368738.2955,Zero
2019-03-21,53.21533532,-1.704071986,419858.7724,368738.2955,Zero
2019-03-21,53.21533532,-1.704071986,419858.7724,368738.2955,Zero
2019-03-22,53.26966216,-0.763314242,482574.3857,375454.457,Low
2019-03-22,53.26966216,-0.763314242,482574.3857,375454.457,Low
2019-03-22,53.26966216,-0.763314242,482574.3857,375454.457,Low
2019-03-22,53.26966216,-0.763314242,482574.3857,375454.457,Low
2019-03-22,53.26966216,-0.763314242,482574.3857,375454.457,Low
2019-03-22,53.26966216,-0.763314242,482574.3857,375454.457,Low
2019-03-22,50.85217177,-3.89746775,266530.2042,107566.4882,Zero
2019-03-22,50.85217177,-3.89746775,266530.2042,107566.4882,Zero
2019-03-22,50.85217177,-3.89746775,266530.2042,107566.4882,Zero
2019-03-23,50.85217177,-3.89746775,266530.2042,107566.4882,Zero
2019-03-23,53.28347098,-0.373969483,508503.878,377510.3867,Zero
2019-03-23,53.28347098,-0.373969483,508503.878,377510.3867,Zero
2019-03-23,52.87678174,-1.733365814,418042.5184,331068.0218,Low
2019-03-23,52.87678174,-1.733365814,418042.5184,331068.0218,Low
2019-03-23,52.87678174,-1.733365814,418042.5184,331068.0218,Low
2019-03-23,52.87678174,-1.733365814,418042.5184,331068.0218,Low
2019-03-24,52.87678174,-1.733365814,418042.5184,331068.0218,Low
2019-04-02,52.87678174,-1.733365814,418042.5184,331068.0218,Low
2019-04-02,52.94100823,-1.279398966,448523.9866,338422.4077,Low
2019-04-02,52.94100823,-1.279398966,448523.9866,338422.4077,Low
2019-04-03,52.94100823,-1.279398966,448523.9866,338422.4077,Low
2019-04-03,52.94100823,-1.279398966,448523.9866,338422.4077,Low
2019-04-04,52.94100823,-1.279398966,448523.9866,338422.4077,Low
2019-04-04,52.94100823,-1.279398966,448523.9866,338422.4077,Low
2019-04-08,52.94100823,-1.279398966,448523.9866,338422.4077,Low
2019-04-08,52.41789637,-1.715642305,419436.5601,280027.0852,Zero
2019-04-08,52.41789637,-1.715642305,419436.5601,280027.0852,Zero
2019-04-09,52.41789637,-1.715642305,419436.5601,280027.0852,Zero
2019-04-27,52.41789637,-1.715642305,419436.5601,280027.0852,Zero
2019-04-27,52.41789637,-1.715642305,419436.5601,280027.0852,Zero
2019-04-27,52.41789637,-1.715642305,419436.5601,280027.0852,Zero
2019-04-27,53.38891206,-0.406219357,506092.2173,389191.1244,Zero
2019-05-03,53.38891206,-0.406219357,506092.2173,389191.1244,Zero
2019-05-03,53.38891206,-0.406219357,506092.2173,389191.1244,Zero
2019-05-03,53.38891206,-0.406219357,506092.2173,389191.1244,Zero
2019-05-03,52.94860637,-1.431379413,438303.8095,339175.9799,Zero
2019-05-03,52.94860637,-1.431379413,438303.8095,339175.9799,Zero
2019-05-03,52.94860637,-1.431379413,438303.8095,339175.9799,Zero
2019-05-03,52.94860637,-1.431379413,438303.8095,339175.9799,Zero
2019-05-03,53.61434382,-2.21662158,385766.7099,413110.1871,Zero
2019-05-03,53.61434382,-2.21662158,385766.7099,413110.1871,Zero
2019-05-03,53.61434382,-2.21662158,385766.7099,413110.1871,Zero
2019-05-03,53.61434382,-2.21662158,385766.7099,413110.1871,Zero
2019-05-03,53.61434382,-2.21662158,385766.7099,413110.1871,Zero
2019-05-03,53.61434382,-2.21662158,385766.7099,413110.1871,Zero
2019-05-03,53.61434382,-2.21662158,385766.7099,413110.1871,Zero
2019-05-04,53.61434382,-2.21662158,385766.7099,413110.1871,Zero
2019-05-04,53.61434382,-2.21662158,385766.7099,413110.1871,Zero
2019-05-04,52.45770504,-1.76018901,416392.2064,284444.1991,Zero
2019-05-04,52.45770504,-1.76018901,416392.2064,284444.1991,Zero
2019-05-04,52.45770504,-1.76018901,416392.2064,284444.1991,Zero
2019-05-09,52.45770504,-1.76018901,416392.2064,284444.1991,Zero
2019-06-02,52.45770504,-1.76018901,416392.2064,284444.1991,Zero
2019-06-03,52.45770504,-1.76018901,416392.2064,284444.1991,Zero
2019-06-03,52.45770504,-1.76018901,416392.2064,284444.1991,Zero
2019-06-03,52.45770504,-1.76018901,416392.2064,284444.1991,Zero
2019-06-03,52.45770504,-1.76018901,416392.2064,284444.1991,Zero
2019-06-03,52.45770504,-1.76018901,416392.2064,284444.1991,Zero
2019-06-03,52.45770504,-1.76018901,416392.2064,284444.1991,Zero
2019-06-03,52.45770504,-1.76018901,416392.2064,284444.1991,Zero
2019-06-03,52.96208787,-2.188886754,387409.4901,340541.2893,Zero
2019-06-03,52.96208787,-2.188886754,387409.4901,340541.2893,Zero
2019-06-03,52.96208787,-2.188886754,387409.4901,340541.2893,Zero
2019-06-13,52.96208787,-2.188886754,387409.4901,340541.2893,Zero
2019-06-13,52.96208787,-2.188886754,387409.4901,340541.2893,Zero
2019-06-13,52.96208787,-2.188886754,387409.4901,340541.2893,Zero
2019-06-13,52.96208787,-2.188886754,387409.4901,340541.2893,Zero
2019-06-13,52.96208787,-2.188886754,387409.4901,340541.2893,Zero
2019-06-13,52.96208787,-2.188886754,387409.4901,340541.2893,Zero
2019-06-13,52.96208787,-2.188886754,387409.4901,340541.2893,Zero
2019-06-13,52.96208787,-2.188886754,387409.4901,340541.2893,Zero
2019-06-13,52.5625458,-1.69108963,421037.6621,296124.0109,Zero
2019-06-13,52.5625458,-1.69108963,421037.6621,296124.0109,Zero
2019-06-13,52.5625458,-1.69108963,421037.6621,296124.0109,Zero
2019-06-14,52.5625458,-1.69108963,421037.6621,296124.0109,Zero
2019-06-14,52.5625458,-1.69108963,421037.6621,296124.0109,Zero
2019-06-15,52.5625458,-1.69108963,421037.6621,296124.0109,Zero
2019-06-16,52.5625458,-1.69108963,421037.6621,296124.0109,Zero
2019-06-18,52.5625458,-1.69108963,421037.6621,296124.0109,Zero
2019-06-18,52.5625458,-1.69108963,421037.6621,296124.0109,Zero
2019-06-18,50.41610715,-3.745584275,276078.3133,58816.77227,Zero
2019-06-18,50.41610715,-3.745584275,276078.3133,58816.77227,Zero
2019-06-18,50.41610715,-3.745584275,276078.3133,58816.77227,Zero
2019-06-18,50.41610715,-3.745584275,276078.3133,58816.77227,Zero
2019-06-18,52.59672363,-1.506427713,433529.5745,299995.3777,Zero
2019-06-18,52.59672363,-1.506427713,433529.5745,299995.3777,Zero
2019-06-18,52.59672363,-1.506427713,433529.5745,299995.3777,Zero
2019-06-18,52.59672363,-1.506427713,433529.5745,299995.3777,Zero
2019-06-18,52.59672363,-1.506427713,433529.5745,299995.3777,Zero
2019-06-18,52.59672363,-1.506427713,433529.5745,299995.3777,Zero
2019-06-18,52.7341955,-0.936273563,471922.8668,315703.6809,High
2019-06-18,52.7341955,-0.936273563,471922.8668,315703.6809,High
2019-06-18,52.7341955,-0.936273563,471922.8668,315703.6809,High
2019-06-18,52.7341955,-0.936273563,471922.8668,315703.6809,High
2019-06-18,52.7341955,-0.936273563,471922.8668,315703.6809,High
2019-06-18,52.17334639,-2.239888218,383691.6572,252814.5921,Zero
2019-06-18,52.17334639,-2.239888218,383691.6572,252814.5921,Zero
2019-06-18,52.17334639,-2.239888218,383691.6572,252814.5921,Zero
2019-06-18,50.66520255,-3.731617033,277717.1433,86490.09961,Zero
2019-06-23,50.66520255,-3.731617033,277717.1433,86490.09961,Zero
2019-06-23,52.76873029,-2.995678075,332919.2342,319479.9756,Medium
2019-06-24,52.76873029,-2.995678075,332919.2342,319479.9756,Medium
2019-06-24,52.76873029,-2.995678075,332919.2342,319479.9756,Medium
2019-06-24,52.76873029,-2.995678075,332919.2342,319479.9756,Medium
2019-06-24,52.76873029,-2.995678075,332919.2342,319479.9756,Medium
2019-06-24,52.76873029,-2.995678075,332919.2342,319479.9756,Medium
2019-06-24,52.76873029,-2.995678075,332919.2342,319479.9756,Medium
2019-06-24,52.76873029,-2.995678075,332919.2342,319479.9756,Medium
2019-06-24,53.80692827,-2.280780733,381606.9327,434551.5923,High
2019-06-24,53.80692827,-2.280780733,381606.9327,434551.5923,High
2019-06-25,53.80692827,-2.280780733,381606.9327,434551.5923,High
2019-06-25,53.80692827,-2.280780733,381606.9327,434551.5923,High
2019-06-25,53.80692827,-2.280780733,381606.9327,434551.5923,High
2019-06-25,53.80692827,-2.280780733,381606.9327,434551.5923,High
2019-06-25,52.91700539,-1.662452262,422794.2058,335562.6512,Zero
2019-07-01,52.91700539,-1.662452262,422794.2058,335562.6512,Zero
2019-07-01,52.91700539,-1.662452262,422794.2058,335562.6512,Zero
2019-07-01,52.91700539,-1.662452262,422794.2058,335562.6512,Zero
2019-07-01,52.91700539,-1.662452262,422794.2058,335562.6512,Zero
2019-07-01,53.54818054,-3.010481397,333144.743,406202.4214,Very Low
2019-07-02,53.54818054,-3.010481397,333144.743,406202.4214,Very Low
2019-07-02,53.54818054,-3.010481397,333144.743,406202.4214,Very Low
2019-07-02,53.54818054,-3.010481397,333144.743,406202.4214,Very Low
2019-07-02,53.54818054,-3.010481397,333144.743,406202.4214,Very Low
2019-07-02,53.54818054,-3.010481397,333144.743,406202.4214,Very Low
2019-07-03,53.54818054,-3.010481397,333144.743,406202.4214,Very Low
2019-07-03,53.48406116,-2.496809966,367129.5676,398708.6769,Zero
2019-07-06,53.48406116,-2.496809966,367129.5676,398708.6769,Zero
2019-07-06,53.48406116,-2.496809966,367129.5676,398708.6769,Zero
2019-07-06,53.48043281,-2.317881422,379001.2593,398237.1212,Zero
2019-07-06,53.48043281,-2.317881422,379001.2593,398237.1212,Zero
2019-07-06,53.48043281,-2.317881422,379001.2593,398237.1212,Zero
2019-07-06,53.48043281,-2.317881422,379001.2593,398237.1212,Zero
2019-07-23,53.48043281,-2.317881422,379001.2593,398237.1212,Zero
2019-07-23,52.96303384,-0.699949478,487419.1263,341420.3199,Zero
2019-07-23,52.96303384,-0.699949478,487419.1263,341420.3199,Zero
2019-07-24,52.96303384,-0.699949478,487419.1263,341420.3199,Zero
2019-07-27,52.96303384,-0.699949478,487419.1263,341420.3199,Zero
2019-07-27,51.26000213,-2.829037213,342247.7913,151531.256,Zero
2019-07-27,51.15202731,-3.377201105,303774.1339,140098.6108,Zero
2019-07-27,51.15202731,-3.377201105,303774.1339,140098.6108,Zero
2019-07-27,51.15202731,-3.377201105,303774.1339,140098.6108,Zero
2019-07-27,51.15202731,-3.377201105,303774.1339,140098.6108,Zero
2019-07-27,51.15202731,-3.377201105,303774.1339,140098.6108,Zero
2019-07-27,53.453117,0.013814935,533822.1168,397038.8221,Zero
2019-07-27,53.10873665,-0.310522364,513192.4751,358171.9017,High
2019-07-27,50.52933988,-4.742841022,205700.0949,73545.10769,Zero
2019-07-27,53.09959047,-0.642693731,490977.1914,356681.6571,Zero
2019-07-27,53.09959047,-0.642693731,490977.1914,356681.6571,Zero
2019-07-27,52.89074013,-0.294456524,514844.3816,333949.3067,Zero
2019-07-27,52.89074013,-0.294456524,514844.3816,333949.3067,Zero
2019-07-28,53.21743152,-0.55319817,496704.2101,369907.3255,Low
2019-07-28,53.10637739,-1.865303356,409114.8518,356584.5799,Zero
2019-07-28,53.10637739,-1.865303356,409114.8518,356584.5799,Zero
2019-07-28,53.10637739,-1.865303356,409114.8518,356584.5799,Zero
2019-07-28,52.76240114,-1.89520112,407168.9865,318316.0311,Zero
2019-07-28,52.76240114,-1.89520112,407168.9865,318316.0311,Zero
2019-07-28,52.76240114,-1.89520112,407168.9865,318316.0311,Zero
2019-07-28,52.76240114,-1.89520112,407168.9865,318316.0311,Zero
2019-07-28,52.76240114,-1.89520112,407168.9865,318316.0311,Zero
2019-07-28,53.09071977,-0.197099724,520834.8527,356352.9334,High
2019-07-28,53.68472415,-2.728241215,352000.6339,421165.1217,Zero
2019-07-28,53.68472415,-2.728241215,352000.6339,421165.1217,Zero
2019-07-28,53.68472415,-2.728241215,352000.6339,421165.1217,Zero
2019-07-28,52.65512325,-1.228851716,452261.6972,306656.2573,Zero
2019-07-28,53.04471785,-2.559091583,362614.2446,349863.009,Zero
2019-07-28,53.04471785,-2.559091583,362614.2446,349863.009,Zero
2019-07-28,50.38292626,-3.974419939,259723.4403,55534.54609,Zero
2019-07-28,50.38292626,-3.974419939,259723.4403,55534.54609,Zero
2019-07-28,53.43602041,-2.627051288,358439.9433,393432.2157,Zero
2019-07-28,53.43602041,-2.627051288,358439.9433,393432.2157,Zero
2019-07-28,53.43602041,-2.627051288,358439.9433,393432.2157,Zero
2019-07-28,53.43602041,-2.627051288,358439.9433,393432.2157,Zero
2019-07-29,53.43602041,-2.627051288,358439.9433,393432.2157,Zero
2019-07-29,53.43602041,-2.627051288,358439.9433,393432.2157,Zero
2019-07-29,53.43602041,-2.627051288,358439.9433,393432.2157,Zero
2019-07-30,51.2400946,-2.347900296,375810.0249,149048.228,Zero
2019-07-30,53.5784776,-2.737248409,351283.2391,409350.8816,Zero
2019-07-30,53.5784776,-2.737248409,351283.2391,409350.8816,Zero
2019-07-30,51.69438607,-2.565508056,361009.4544,199666.6211,Zero
2019-07-30,51.69438607,-2.565508056,361009.4544,199666.6211,Zero
2019-07-30,51.69438607,-2.565508056,361009.4544,199666.6211,Zero
2019-07-30,51.69438607,-2.565508056,361009.4544,199666.6211,Zero
2019-07-30,51.69438607,-2.565508056,361009.4544,199666.6211,Zero
2019-07-30,52.23827584,-1.632155807,425216.0319,260073.1647,Zero
2019-07-30,52.23827584,-1.632155807,425216.0319,260073.1647,Zero
2019-07-30,52.08836655,-2.098589451,393341.7819,243339.8268,Zero
2019-07-30,52.08836655,-2.098589451,393341.7819,243339.8268,Zero
2019-07-30,52.26387816,-1.843474143,410779.5358,262868.7807,Zero
2019-07-30,52.26387816,-1.843474143,410779.5358,262868.7807,Zero
2019-07-30,52.26387816,-1.843474143,410779.5358,262868.7807,Zero
2019-07-30,52.26387816,-1.843474143,410779.5358,262868.7807,Zero
2019-07-30,52.26387816,-1.843474143,410779.5358,262868.7807,Zero
2019-07-30,51.93963675,-2.216365845,385222.772,226814.7053,High
2019-07-31,51.93963675,-2.216365845,385222.772,226814.7053,High
2019-07-31,51.93963675,-2.216365845,385222.772,226814.7053,High
2019-07-31,51.93963675,-2.216365845,385222.772,226814.7053,High
2019-07-31,51.93963675,-2.216365845,385222.772,226814.7053,High
2019-07-31,51.92381853,-2.14904947,389846.8117,225043.6917,High
2019-07-31,51.92381853,-2.14904947,389846.8117,225043.6917,High
2019-07-31,52.95234087,-1.176926286,455395.9196,339757.0689,Zero
2019-07-31,52.95234087,-1.176926286,455395.9196,339757.0689,Zero
2019-07-31,52.95234087,-1.176926286,455395.9196,339757.0689,Zero
2019-07-31,52.95234087,-1.176926286,455395.9196,339757.0689,Zero
2019-07-31,52.95234087,-1.176926286,455395.9196,339757.0689,Zero
2019-07-31,52.95234087,-1.176926286,455395.9196,339757.0689,Zero
2019-07-31,52.95234087,-1.176926286,455395.9196,339757.0689,Zero
2019-07-31,52.95234087,-1.176926286,455395.9196,339757.0689,Zero
2019-07-31,52.95234087,-1.176926286,455395.9196,339757.0689,Zero
2019-08-01,52.95234087,-1.176926286,455395.9196,339757.0689,Zero
2019-08-01,52.95234087,-1.176926286,455395.9196,339757.0689,Zero
2019-08-01,52.95234087,-1.176926286,455395.9196,339757.0689,Zero
2019-08-01,52.95234087,-1.176926286,455395.9196,339757.0689,Zero
2019-08-01,52.95234087,-1.176926286,455395.9196,339757.0689,Zero
2019-08-01,52.95234087,-1.176926286,455395.9196,339757.0689,Zero
2019-08-01,52.95234087,-1.176926286,455395.9196,339757.0689,Zero
2019-08-01,52.95234087,-1.176926286,455395.9196,339757.0689,Zero
2019-08-01,52.95234087,-1.176926286,455395.9196,339757.0689,Zero
2019-08-01,52.95234087,-1.176926286,455395.9196,339757.0689,Zero
2019-08-01,54.60048601,-3.151393989,325714.3321,523421.7336,Zero
2019-08-01,54.60048601,-3.151393989,325714.3321,523421.7336,Zero
2019-08-01,54.60048601,-3.151393989,325714.3321,523421.7336,Zero
2019-08-02,54.60048601,-3.151393989,325714.3321,523421.7336,Zero
2019-08-02,54.60048601,-3.151393989,325714.3321,523421.7336,Zero
2019-08-02,54.60048601,-3.151393989,325714.3321,523421.7336,Zero
2019-08-02,54.60048601,-3.151393989,325714.3321,523421.7336,Zero
2019-08-02,54.60048601,-3.151393989,325714.3321,523421.7336,Zero
2019-08-02,54.60048601,-3.151393989,325714.3321,523421.7336,Zero
2019-08-02,54.60048601,-3.151393989,325714.3321,523421.7336,Zero
2019-08-02,54.61579843,-3.141449295,326384.4421,525115.0314,Zero
2019-08-02,54.61579843,-3.141449295,326384.4421,525115.0314,Zero
2019-08-02,54.61579843,-3.141449295,326384.4421,525115.0314,Zero
2019-08-02,54.61579843,-3.141449295,326384.4421,525115.0314,Zero
2019-08-02,54.61579843,-3.141449295,326384.4421,525115.0314,Zero
2019-08-02,52.78757696,-1.212804646,453186.1612,321401.7445,High
2019-08-02,52.78757696,-1.212804646,453186.1612,321401.7445,High
2019-08-02,52.78757696,-1.212804646,453186.1612,321401.7445,High
2019-08-02,52.78757696,-1.212804646,453186.1612,321401.7445,High
2019-08-02,52.78757696,-1.212804646,453186.1612,321401.7445,High
2019-08-02,52.78757696,-1.212804646,453186.1612,321401.7445,High
2019-08-03,52.78757696,-1.212804646,453186.1612,321401.7445,High
2019-08-03,52.78757696,-1.212804646,453186.1612,321401.7445,High
2019-08-08,52.78757696,-1.212804646,453186.1612,321401.7445,High
2019-08-08,52.78757696,-1.212804646,453186.1612,321401.7445,High
2019-08-08,52.78757696,-1.212804646,453186.1612,321401.7445,High
2019-08-08,52.78757696,-1.212804646,453186.1612,321401.7445,High
2019-08-08,52.78757696,-1.212804646,453186.1612,321401.7445,High
2019-08-08,53.36524144,-2.788717251,347612.9625,385664.7084,Medium
2019-08-13,53.36524144,-2.788717251,347612.9625,385664.7084,Medium
2019-08-14,53.36524144,-2.788717251,347612.9625,385664.7084,Medium
2019-08-14,53.36524144,-2.788717251,347612.9625,385664.7084,Medium
2019-08-14,53.36524144,-2.788717251,347612.9625,385664.7084,Medium
2019-08-16,53.36524144,-2.788717251,347612.9625,385664.7084,Medium
2019-08-16,51.68803778,-0.108243943,530865.9643,200502.7566,Zero
2019-08-16,51.68803778,-0.108243943,530865.9643,200502.7566,Zero
2019-08-16,51.68803778,-0.108243943,530865.9643,200502.7566,Zero
2019-08-16,51.68803778,-0.108243943,530865.9643,200502.7566,Zero
2019-08-16,54.56011252,-3.14775325,325876.1636,518925.6389,Zero
2019-08-16,54.56011252,-3.14775325,325876.1636,518925.6389,Zero
2019-08-16,54.56011252,-3.14775325,325876.1636,518925.6389,Zero
2019-08-16,54.56011252,-3.14775325,325876.1636,518925.6389,Zero
2019-08-16,54.56011252,-3.14775325,325876.1636,518925.6389,Zero
2019-08-16,54.56011252,-3.14775325,325876.1636,518925.6389,Zero
2019-08-16,54.56011252,-3.14775325,325876.1636,518925.6389,Zero
2019-08-16,54.56011252,-3.14775325,325876.1636,518925.6389,Zero
2019-08-17,54.56011252,-3.14775325,325876.1636,518925.6389,Zero
2019-08-17,54.56011252,-3.14775325,325876.1636,518925.6389,Zero
2019-08-17,54.56011252,-3.14775325,325876.1636,518925.6389,Zero
2019-08-17,52.51686514,-1.714004127,419504.4382,291036.2795,Low
2019-08-18,51.59654311,-0.259759566,520635.463,190067.354,Medium
2019-08-22,51.59654311,-0.259759566,520635.463,190067.354,Medium
2019-08-22,51.59654311,-0.259759566,520635.463,190067.354,Medium
2019-08-30,51.59654311,-0.259759566,520635.463,190067.354,Medium
2019-08-30,52.77802533,-1.290314616,447969.3863,320284.8702,Zero
2019-08-30,52.77802533,-1.290314616,447969.3863,320284.8702,Zero
2019-08-30,52.77802533,-1.290314616,447969.3863,320284.8702,Zero
2019-08-30,52.77802533,-1.290314616,447969.3863,320284.8702,Zero
2019-08-30,52.77802533,-1.290314616,447969.3863,320284.8702,Zero
2019-08-30,52.77802533,-1.290314616,447969.3863,320284.8702,Zero
2019-08-30,52.77802533,-1.290314616,447969.3863,320284.8702,Zero
2019-08-31,52.77802533,-1.290314616,447969.3863,320284.8702,Zero
2019-08-31,52.77802533,-1.290314616,447969.3863,320284.8702,Zero
2019-08-31,52.77802533,-1.290314616,447969.3863,320284.8702,Zero
2019-08-31,52.77802533,-1.290314616,447969.3863,320284.8702,Zero
2019-08-31,52.77802533,-1.290314616,447969.3863,320284.8702,Zero
2019-08-31,52.77802533,-1.290314616,447969.3863,320284.8702,Zero
2019-08-31,52.77802533,-1.290314616,447969.3863,320284.8702,Zero
2019-08-31,52.77802533,-1.290314616,447969.3863,320284.8702,Zero
2019-08-31,51.77189977,0.838961408,595969.0463,211948.933,High
2019-08-31,51.77189977,0.838961408,595969.0463,211948.933,High
2019-09-01,51.77189977,0.838961408,595969.0463,211948.933,High
2019-09-02,51.77189977,0.838961408,595969.0463,211948.933,High
2019-09-02,51.77189977,0.838961408,595969.0463,211948.933,High
2019-09-02,51.77189977,0.838961408,595969.0463,211948.933,High
2019-09-02,51.77189977,0.838961408,595969.0463,211948.933,High
2019-09-02,51.77189977,0.838961408,595969.0463,211948.933,High
2019-09-02,51.77189977,0.838961408,595969.0463,211948.933,High
2019-09-02,51.77189977,0.838961408,595969.0463,211948.933,High
2019-09-02,51.77189977,0.838961408,595969.0463,211948.933,High
2019-09-03,51.77189977,0.838961408,595969.0463,211948.933,High
2019-09-03,51.77189977,0.838961408,595969.0463,211948.933,High
2019-09-03,51.87966778,-1.518782792,433221.9903,220231.8431,High
2019-09-03,51.87966778,-1.518782792,433221.9903,220231.8431,High
2019-09-08,51.87966778,-1.518782792,433221.9903,220231.8431,High
2019-09-08,51.87966778,-1.518782792,433221.9903,220231.8431,High
2019-09-08,52.32853244,1.661068783,649551.7525,276360.019,Very Low
2019-09-08,52.32853244,1.661068783,649551.7525,276360.019,Very Low
2019-09-16,52.32853244,1.661068783,649551.7525,276360.019,Very Low
2019-09-21,52.32853244,1.661068783,649551.7525,276360.019,Very Low
2019-09-21,52.32853244,1.661068783,649551.7525,276360.019,Very Low
2019-09-21,52.32853244,1.661068783,649551.7525,276360.019,Very Low
2019-09-21,51.28747382,-2.20744405,385629.9926,154280.2727,Medium
2019-09-21,51.71518346,-0.284151256,518636.1414,203221.1911,Zero
2019-09-21,51.71518346,-0.284151256,518636.1414,203221.1911,Zero
2019-09-21,51.71518346,-0.284151256,518636.1414,203221.1911,Zero
2019-09-22,51.71518346,-0.284151256,518636.1414,203221.1911,Zero
2019-09-23,51.71518346,-0.284151256,518636.1414,203221.1911,Zero
2019-09-23,53.36592692,-1.066095091,462241.9572,385857.0958,Low
2019-09-23,53.36592692,-1.066095091,462241.9572,385857.0958,Low
2019-09-23,52.98576765,0.048437125,537609.8374,345121.46,Zero
2019-09-23,52.98576765,0.048437125,537609.8374,345121.46,Zero
2019-09-23,53.29153902,0.233114214,548944.7144,379500.5273,Low
2019-09-23,50.75395961,-2.740358034,347870.1927,95190.5484,Zero
2019-09-24,50.75395961,-2.740358034,347870.1927,95190.5484,Zero
2019-09-24,50.75395961,-2.740358034,347870.1927,95190.5484,Zero
2019-09-24,50.75395961,-2.740358034,347870.1927,95190.5484,Zero
2019-09-24,54.28218886,-0.383643456,505330.0311,488599.5228,High
2019-09-24,54.28218886,-0.383643456,505330.0311,488599.5228,High
2019-09-24,54.28218886,-0.383643456,505330.0311,488599.5228,High
2019-09-24,54.28218886,-0.383643456,505330.0311,488599.5228,High
2019-09-24,54.28218886,-0.383643456,505330.0311,488599.5228,High
2019-09-24,54.28218886,-0.383643456,505330.0311,488599.5228,High
2019-09-24,54.63362386,-1.702617022,419294.5477,526540.1754,Medium
2019-09-24,55.30068837,-1.726291315,417476.242,600765.7566,Zero
2019-09-24,53.99680402,-1.169873326,454517.2651,455959.6372,Zero
2019-09-24,53.99680402,-1.169873326,454517.2651,455959.6372,Zero
2019-09-24,53.99680402,-1.169873326,454517.2651,455959.6372,Zero
2019-09-24,53.99680402,-1.169873326,454517.2651,455959.6372,Zero
2019-09-24,53.99680402,-1.169873326,454517.2651,455959.6372,Zero
2019-09-24,53.99680402,-1.169873326,454517.2651,455959.6372,Zero
2019-09-25,54.46733587,-1.204618076,451650.0528,508287.098,Zero
2019-09-25,50.93909342,-2.334307154,376606.8445,115569.9743,Zero
2019-09-25,50.93909342,-2.334307154,376606.8445,115569.9743,Zero
2019-09-27,54.13026402,-1.478194622,434195.7947,470616.0262,Zero
2019-09-27,54.13026402,-1.478194622,434195.7947,470616.0262,Zero
2019-09-27,54.13026402,-1.478194622,434195.7947,470616.0262,Zero
2019-09-27,54.13026402,-1.478194622,434195.7947,470616.0262,Zero
2019-09-27,54.13026402,-1.478194622,434195.7947,470616.0262,Zero
2019-09-27,54.13026402,-1.478194622,434195.7947,470616.0262,Zero
2019-09-27,54.13026402,-1.478194622,434195.7947,470616.0262,Zero
2019-09-27,54.11112925,-1.795434556,413471.512,468380.571,Zero
2019-09-27,54.11112925,-1.795434556,413471.512,468380.571,Zero
2019-09-28,54.11112925,-1.795434556,413471.512,468380.571,Zero
2019-09-28,54.11112925,-1.795434556,413471.512,468380.571,Zero
2019-09-28,51.85090474,-2.599426654,358808.196,217093.3979,Zero
2019-09-28,51.85090474,-2.599426654,358808.196,217093.3979,Zero
2019-09-28,51.85090474,-2.599426654,358808.196,217093.3979,Zero
2019-09-28,51.85090474,-2.599426654,358808.196,217093.3979,Zero
2019-09-28,54.08434658,-2.00249723,399934.3148,465381.2921,Zero
2019-09-28,54.08434658,-2.00249723,399934.3148,465381.2921,Zero
2019-09-28,54.08434658,-2.00249723,399934.3148,465381.2921,Zero
2019-09-28,53.97269175,-1.892419822,407154.2889,452963.4221,Zero
2019-09-28,53.97269175,-1.892419822,407154.2889,452963.4221,Zero
2019-09-28,53.95175618,-2.029586591,398155.9394,450629.1466,Zero
2019-09-28,53.95175618,-2.029586591,398155.9394,450629.1466,Zero
2019-09-28,53.95175618,-2.029586591,398155.9394,450629.1466,Zero
2019-09-28,53.95175618,-2.029586591,398155.9394,450629.1466,Zero
2019-09-28,54.96223456,-1.996867054,400298.6487,563066.9585,Zero
2019-09-28,54.96223456,-1.996867054,400298.6487,563066.9585,Zero
2019-09-28,53.81967806,-1.660632729,422439.5907,435986.8298,Zero
2019-09-28,53.81967806,-1.660632729,422439.5907,435986.8298,Zero
2019-09-28,53.81967806,-1.660632729,422439.5907,435986.8298,Zero
2019-09-28,53.81967806,-1.660632729,422439.5907,435986.8298,Zero
2019-09-28,54.28626012,-1.536116147,430296.9326,487946.7986,Zero
2019-09-28,54.28626012,-1.536116147,430296.9326,487946.7986,Zero
2019-09-28,54.28626012,-1.536116147,430296.9326,487946.7986,Zero
2019-09-28,54.28626012,-1.536116147,430296.9326,487946.7986,Zero
2019-09-28,54.28626012,-1.536116147,430296.9326,487946.7986,Zero
2019-09-28,54.28626012,-1.536116147,430296.9326,487946.7986,Zero
2019-09-28,54.28626012,-1.536116147,430296.9326,487946.7986,Zero
2019-09-28,54.28626012,-1.536116147,430296.9326,487946.7986,Zero
2019-09-28,53.71210433,-1.937337102,404233.463,423966.722,Zero
2019-09-28,53.71210433,-1.937337102,404233.463,423966.722,Zero
2019-09-28,53.71210433,-1.937337102,404233.463,423966.722,Zero
2019-09-28,53.71210433,-1.937337102,404233.463,423966.722,Zero
2019-09-28,53.71210433,-1.937337102,404233.463,423966.722,Zero
2019-09-28,53.71210433,-1.937337102,404233.463,423966.722,Zero
2019-09-28,53.71210433,-1.937337102,404233.463,423966.722,Zero
2019-09-28,53.71210433,-1.937337102,404233.463,423966.722,Zero
2019-09-28,53.71210433,-1.937337102,404233.463,423966.722,Zero
2019-09-28,53.71210433,-1.937337102,404233.463,423966.722,Zero
2019-09-28,53.71210433,-1.937337102,404233.463,423966.722,Zero
2019-09-28,53.65190465,-1.776380438,414878.1036,417290.4054,Zero
2019-09-28,53.65190465,-1.776380438,414878.1036,417290.4054,Zero
2019-09-28,53.65190465,-1.776380438,414878.1036,417290.4054,Zero
2019-09-28,53.45006686,-1.330684651,444547.9586,395020.0947,Low
2019-09-28,53.45006686,-1.330684651,444547.9586,395020.0947,Low
2019-09-28,53.35916106,-1.487898694,434179.697,384820.2624,Zero
2019-09-28,53.35916106,-1.487898694,434179.697,384820.2624,Zero
2019-09-28,53.35916106,-1.487898694,434179.697,384820.2624,Zero
2019-09-28,53.35916106,-1.487898694,434179.697,384820.2624,Zero
2019-09-28,53.45400869,-1.59321347,427110.5198,395327.1665,Zero
2019-09-28,53.45400869,-1.59321347,427110.5198,395327.1665,Zero
2019-09-28,53.73054971,-1.167098968,455046.828,426338.9367,High
2019-09-28,53.73054971,-1.167098968,455046.828,426338.9367,High
2019-09-28,53.94874453,-1.081370196,460388.3319,450684.2022,High
2019-09-28,53.94874453,-1.081370196,460388.3319,450684.2022,High
2019-09-28,51.07162519,-4.157690626,248928.4597,132470.4634,Zero
2019-09-28,51.07162519,-4.157690626,248928.4597,132470.4634,Zero
2019-09-28,51.07162519,-4.157690626,248928.4597,132470.4634,Zero
2019-09-28,51.07162519,-4.157690626,248928.4597,132470.4634,Zero
2019-09-28,51.07162519,-4.157690626,248928.4597,132470.4634,Zero
2019-09-28,51.07162519,-4.157690626,248928.4597,132470.4634,Zero
2019-09-28,51.07162519,-4.157690626,248928.4597,132470.4634,Zero
2019-09-28,51.07162519,-4.157690626,248928.4597,132470.4634,Zero
2019-09-28,50.72976056,-1.764647417,416707.1371,92264.40907,High
2019-09-28,50.72976056,-1.764647417,416707.1371,92264.40907,High
2019-09-28,50.72976056,-1.764647417,416707.1371,92264.40907,High
2019-09-28,50.72976056,-1.764647417,416707.1371,92264.40907,High
2019-09-28,50.72976056,-1.764647417,416707.1371,92264.40907,High
2019-09-28,54.51773968,-0.695358935,484551.9517,514387.374,Zero
2019-09-29,54.51773968,-0.695358935,484551.9517,514387.374,Zero
2019-09-29,54.51773968,-0.695358935,484551.9517,514387.374,Zero
2019-09-29,54.51773968,-0.695358935,484551.9517,514387.374,Zero
2019-09-29,54.51773968,-0.695358935,484551.9517,514387.374,Zero
2019-09-29,54.51773968,-0.695358935,484551.9517,514387.374,Zero
2019-09-29,54.51773968,-0.695358935,484551.9517,514387.374,Zero
2019-09-29,54.51773968,-0.695358935,484551.9517,514387.374,Zero
2019-09-29,54.51773968,-0.695358935,484551.9517,514387.374,Zero
2019-09-29,54.51773968,-0.695358935,484551.9517,514387.374,Zero
2019-09-29,54.51773968,-0.695358935,484551.9517,514387.374,Zero
2019-09-29,55.57305709,-1.764986694,414917.162,631068.7128,Zero
2019-09-29,55.57305709,-1.764986694,414917.162,631068.7128,Zero
2019-09-29,55.57305709,-1.764986694,414917.162,631068.7128,Zero
2019-09-29,55.57305709,-1.764986694,414917.162,631068.7128,Zero
2019-09-29,55.57305709,-1.764986694,414917.162,631068.7128,Zero
2019-09-29,55.57305709,-1.764986694,414917.162,631068.7128,Zero
2019-09-29,55.57305709,-1.764986694,414917.162,631068.7128,Zero
2019-09-29,55.57305709,-1.764986694,414917.162,631068.7128,Zero
2019-09-29,53.90628648,-0.156022057,521238.0462,447144.6313,Zero
2019-09-29,53.90628648,-0.156022057,521238.0462,447144.6313,Zero
2019-09-29,53.90628648,-0.156022057,521238.0462,447144.6313,Zero
2019-09-29,53.90628648,-0.156022057,521238.0462,447144.6313,Zero
2019-09-29,53.90628648,-0.156022057,521238.0462,447144.6313,Zero
2019-09-29,50.75127681,-2.508681541,364210.8958,94754.20022,Zero
2019-09-29,50.75127681,-2.508681541,364210.8958,94754.20022,Zero
2019-09-29,50.75127681,-2.508681541,364210.8958,94754.20022,Zero
2019-09-29,51.33892727,-0.816868285,482511.277,160646.2589,Low
2019-09-29,51.33892727,-0.816868285,482511.277,160646.2589,Low
2019-09-29,51.33892727,-0.816868285,482511.277,160646.2589,Low
2019-09-29,53.66357315,-0.853175931,475876.8586,419176.1133,Medium
2019-09-29,52.32853501,1.661070041,649551.8237,276360.3089,Very Low
2019-09-29,53.25362217,-1.760743359,416060.1516,372983.535,Zero
2019-09-29,53.25362217,-1.760743359,416060.1516,372983.535,Zero
2019-09-29,54.50382937,-1.374776844,440585.419,512236.5271,Zero
2019-09-29,54.50382937,-1.374776844,440585.419,512236.5271,Zero
2019-09-29,54.50382937,-1.374776844,440585.419,512236.5271,Zero
2019-09-29,54.50382937,-1.374776844,440585.419,512236.5271,Zero
2019-09-29,54.50382937,-1.374776844,440585.419,512236.5271,Zero
2019-09-29,54.50382937,-1.374776844,440585.419,512236.5271,Zero
2019-09-29,54.17703329,-1.39037654,439889.4633,475865.6876,Zero
2019-09-29,50.79935451,-0.957283239,473579.8155,100495.0041,Low
2019-09-29,50.79935451,-0.957283239,473579.8155,100495.0041,Low
2019-09-29,50.79935451,-0.957283239,473579.8155,100495.0041,Low
2019-09-29,50.79935451,-0.957283239,473579.8155,100495.0041,Low
2019-09-29,50.79935451,-0.957283239,473579.8155,100495.0041,Low
2019-09-29,50.81099113,-1.071614023,465506.4756,101681.6202,Zero
2019-09-29,50.81099113,-1.071614023,465506.4756,101681.6202,Zero
2019-09-29,50.81099113,-1.071614023,465506.4756,101681.6202,Zero
2019-09-29,50.62927425,-1.403527122,442284.2733,81233.50141,Zero
2019-09-29,50.62927425,-1.403527122,442284.2733,81233.50141,Zero
2019-09-29,50.62927425,-1.403527122,442284.2733,81233.50141,Zero
2019-09-29,50.74031504,-1.5447497,432219.9112,93510.43534,Very Low
2019-09-29,52.21248277,-2.869052382,340717.6962,257496.6522,Zero
2019-09-29,52.21248277,-2.869052382,340717.6962,257496.6522,Zero
2019-09-29,52.21248277,-2.869052382,340717.6962,257496.6522,Zero
2019-09-29,52.21248277,-2.869052382,340717.6962,257496.6522,Zero
2019-09-29,52.21248277,-2.869052382,340717.6962,257496.6522,Zero
2019-09-29,51.26902801,-0.32873353,516688.9986,153534.627,Zero
2019-09-29,51.26902801,-0.32873353,516688.9986,153534.627,Zero
2019-09-29,51.26902801,-0.32873353,516688.9986,153534.627,Zero
2019-09-29,51.26902801,-0.32873353,516688.9986,153534.627,Zero
2019-09-29,51.26902801,-0.32873353,516688.9986,153534.627,Zero
2019-09-29,51.26902801,-0.32873353,516688.9986,153534.627,Zero
2019-09-29,53.57935971,-1.090797629,460295.5092,409580.2519,Medium
2019-09-29,53.57935971,-1.090797629,460295.5092,409580.2519,Medium
2019-09-29,51.14787382,-0.19053805,526660.9369,140290.8469,Low
2019-09-29,51.14787382,-0.19053805,526660.9369,140290.8469,Low
2019-09-29,51.14787382,-0.19053805,526660.9369,140290.8469,Low
2019-09-29,51.14787382,-0.19053805,526660.9369,140290.8469,Low
2019-09-29,51.14787382,-0.19053805,526660.9369,140290.8469,Low
2019-09-29,51.14787382,-0.19053805,526660.9369,140290.8469,Low
2019-09-29,51.14787382,-0.19053805,526660.9369,140290.8469,Low
2019-09-30,51.14787382,-0.19053805,526660.9369,140290.8469,Low
2019-09-30,51.14787382,-0.19053805,526660.9369,140290.8469,Low
2019-09-30,50.69446239,-2.262578643,381549.9913,88345.79728,Medium
2019-09-30,50.69446239,-2.262578643,381549.9913,88345.79728,Medium
2019-09-30,50.69446239,-2.262578643,381549.9913,88345.79728,Medium
2019-09-30,55.41786509,-1.795721649,413029.8408,613791.0961,Zero
2019-09-30,55.41786509,-1.795721649,413029.8408,613791.0961,Zero
2019-09-30,54.77522126,-1.60048322,425797.8348,542329.2349,Zero
2019-09-30,51.11296084,0.120073586,548496.8748,136989.0452,Zero
2019-09-30,51.18234645,-0.736483968,488410.004,143326.8463,Low
2019-09-30,51.18234645,-0.736483968,488410.004,143326.8463,Low
2019-09-30,51.18234645,-0.736483968,488410.004,143326.8463,Low
2019-09-30,51.18234645,-0.736483968,488410.004,143326.8463,Low
2019-09-30,51.18234645,-0.736483968,488410.004,143326.8463,Low
2019-09-30,51.40616562,-0.159460308,528114.5685,169066.8005,Zero
2019-09-30,51.40616562,-0.159460308,528114.5685,169066.8005,Zero
2019-09-30,51.40616562,-0.159460308,528114.5685,169066.8005,Zero
2019-09-30,51.40616562,-0.159460308,528114.5685,169066.8005,Zero
2019-09-30,51.40616562,-0.159460308,528114.5685,169066.8005,Zero
2019-09-30,50.89016671,-0.540553385,502747.5042,111089.9255,Zero
2019-09-30,50.89016671,-0.540553385,502747.5042,111089.9255,Zero
2019-09-30,50.89016671,-0.540553385,502747.5042,111089.9255,Zero
2019-09-30,53.85397,-2.16794981,389049.7362,439761.9677,Zero
2019-09-30,53.85397,-2.16794981,389049.7362,439761.9677,Zero
2019-09-30,53.75468824,-2.669468107,355955.6147,428910.8997,High
2019-09-30,53.75468824,-2.669468107,355955.6147,428910.8997,High
2019-09-30,53.82379901,-2.425055024,372117.1323,436475.8861,Medium
2019-09-30,53.73223147,-1.716497237,418800.5978,426241.4704,Zero
2019-09-30,53.68078671,-1.734866115,417610.1071,420513.1583,Medium
2019-09-30,52.75998474,-1.358808157,443367.0433,318234.6998,Zero
2019-09-30,52.75998474,-1.358808157,443367.0433,318234.6998,Zero
2019-09-30,53.83297431,-1.99589136,400367.9817,437412.8601,Zero
2019-09-30,53.83297431,-1.99589136,400367.9817,437412.8601,Zero
2019-09-30,53.83297431,-1.99589136,400367.9817,437412.8601,Zero
2019-09-30,53.83297431,-1.99589136,400367.9817,437412.8601,Zero
2019-09-30,53.81303548,-1.54374956,430139.221,435290.8768,Low
2019-09-30,53.81303548,-1.54374956,430139.221,435290.8768,Low
2019-09-30,53.71858539,-1.699647932,419918.5771,424727.7943,High
2019-09-30,53.71858539,-1.699647932,419918.5771,424727.7943,High
2019-09-30,53.71858539,-1.699647932,419918.5771,424727.7943,High
2019-09-30,53.71858539,-1.699647932,419918.5771,424727.7943,High
2019-09-30,53.71858539,-1.699647932,419918.5771,424727.7943,High
2019-09-30,53.68069441,-1.512660353,432287.2054,420580.4903,Low
2019-09-30,53.68069441,-1.512660353,432287.2054,420580.4903,Low
2019-09-30,52.88274212,-1.723655873,418693.4797,331733.5358,Zero
2019-09-30,55.60040446,-1.770101808,414584.5635,634111.1988,Zero
2019-09-30,51.14784375,-2.917907449,335890.899,139132.1243,Zero
2019-09-30,51.14784375,-2.917907449,335890.899,139132.1243,Zero
2019-09-30,51.14784375,-2.917907449,335890.899,139132.1243,Zero
2019-09-30,51.14784375,-2.917907449,335890.899,139132.1243,Zero
2019-09-30,51.14784375,-2.917907449,335890.899,139132.1243,Zero
2019-09-30,51.14784375,-2.917907449,335890.899,139132.1243,Zero
2019-09-30,51.14784375,-2.917907449,335890.899,139132.1243,Zero
2019-09-30,51.14784375,-2.917907449,335890.899,139132.1243,Zero
2019-09-30,51.14784375,-2.917907449,335890.899,139132.1243,Zero
2019-09-30,51.14784375,-2.917907449,335890.899,139132.1243,Zero
2019-09-30,53.28653863,-2.148354919,390206.9493,376629.1489,Zero
2019-09-30,51.62922057,-2.557322714,361519.8875,192414.6618,Zero
2019-09-30,51.62922057,-2.557322714,361519.8875,192414.6618,Zero
2019-09-30,51.62922057,-2.557322714,361519.8875,192414.6618,Zero
2019-09-30,51.62922057,-2.557322714,361519.8875,192414.6618,Zero
2019-09-30,51.62922057,-2.557322714,361519.8875,192414.6618,Zero
2019-09-30,51.62922057,-2.557322714,361519.8875,192414.6618,Zero
2019-09-30,51.29234199,-2.967958668,332601.7043,155246.3473,High
2019-10-02,51.29234199,-2.967958668,332601.7043,155246.3473,High
2019-10-02,51.29234199,-2.967958668,332601.7043,155246.3473,High
2019-10-02,50.80468261,-0.646443,495474.1191,101442.4175,Zero
2019-10-02,50.80468261,-0.646443,495474.1191,101442.4175,Zero
2019-10-03,50.80468261,-0.646443,495474.1191,101442.4175,Zero
2019-10-03,51.43556089,0.151103677,549617.6693,172923.6918,Zero
2019-10-06,51.43556089,0.151103677,549617.6693,172923.6918,Zero
2019-10-06,51.43556089,0.151103677,549617.6693,172923.6918,Zero
2019-10-06,51.43556089,0.151103677,549617.6693,172923.6918,Zero
2019-10-06,50.85069023,0.526869961,577967.8433,108727.7502,Zero
2019-10-06,54.63729416,-1.106276314,457783.602,527274.7312,Zero
2019-10-06,54.48417142,-0.614040394,489889.2207,510753.124,Zero
2019-10-06,54.48417142,-0.614040394,489889.2207,510753.124,Zero
2019-10-06,54.48417142,-0.614040394,489889.2207,510753.124,Zero
2019-10-06,54.48417142,-0.614040394,489889.2207,510753.124,Zero
2019-10-06,54.28364274,-0.390513581,504879.1022,488751.0522,High
2019-10-06,54.28364274,-0.390513581,504879.1022,488751.0522,High
2019-10-06,54.28364274,-0.390513581,504879.1022,488751.0522,High
2019-10-06,52.58343555,1.577180535,642433.1329,304413.844,High
2019-10-08,52.58343555,1.577180535,642433.1329,304413.844,High
2019-10-08,51.29518986,-0.881874219,478057.3035,155711.2885,High
2019-10-08,51.34813338,-0.588958866,498366.6821,161950.653,Zero
2019-10-08,51.34813338,-0.588958866,498366.6821,161950.653,Zero
2019-10-08,51.1968895,-3.436609972,299716.7076,145166.9058,Zero
2019-10-08,51.1968895,-3.436609972,299716.7076,145166.9058,Zero
2019-10-08,51.04402039,-4.046742498,256615.4535,129179.0248,Zero
2019-10-08,52.45720828,-1.904168494,406608.8566,284366.2561,Medium
2019-10-08,52.45720828,-1.904168494,406608.8566,284366.2561,Medium
2019-10-08,52.45720828,-1.904168494,406608.8566,284366.2561,Medium
2019-10-08,52.45720828,-1.904168494,406608.8566,284366.2561,Medium
2019-10-08,52.45720828,-1.904168494,406608.8566,284366.2561,Medium
2019-10-08,52.45720828,-1.904168494,406608.8566,284366.2561,Medium
2019-10-08,52.45720828,-1.904168494,406608.8566,284366.2561,Medium
2019-10-08,51.37174075,0.841861162,597899.1144,167464.2792,High
2019-10-08,51.37174075,0.841861162,597899.1144,167464.2792,High
2019-10-08,51.37174075,0.841861162,597899.1144,167464.2792,High
2019-10-08,51.37174075,0.841861162,597899.1144,167464.2792,High
2019-10-08,51.37174075,0.841861162,597899.1144,167464.2792,High
2019-10-08,51.37174075,0.841861162,597899.1144,167464.2792,High
2019-10-08,51.4616863,0.452805915,570488.7157,176487.6384,Zero
2019-11-02,51.4616863,0.452805915,570488.7157,176487.6384,Zero
2019-11-03,51.4616863,0.452805915,570488.7157,176487.6384,Zero
2019-11-03,51.4616863,0.452805915,570488.7157,176487.6384,Zero
2019-11-03,51.4616863,0.452805915,570488.7157,176487.6384,Zero
2019-11-03,51.4616863,0.452805915,570488.7157,176487.6384,Zero
2019-11-03,53.26070426,-3.049781081,330070.2854,374259.1437,Zero
2019-11-03,53.26070426,-3.049781081,330070.2854,374259.1437,Zero
2019-11-03,53.26070426,-3.049781081,330070.2854,374259.1437,Zero
2019-11-03,53.26070426,-3.049781081,330070.2854,374259.1437,Zero
2019-11-03,53.26070426,-3.049781081,330070.2854,374259.1437,Zero
2019-11-06,51.19961629,0.329959282,562881.4649,147068.5168,Zero
2019-11-06,50.46408929,-5.029116145,185117.8799,67080.86211,High
2019-11-06,50.46408929,-5.029116145,185117.8799,67080.86211,High
2019-11-06,50.46408929,-5.029116145,185117.8799,67080.86211,High
2019-11-06,50.46408929,-5.029116145,185117.8799,67080.86211,High
2019-11-06,50.46408929,-5.029116145,185117.8799,67080.86211,High
2019-11-06,50.46408929,-5.029116145,185117.8799,67080.86211,High
2019-11-06,50.46408929,-5.029116145,185117.8799,67080.86211,High
2019-11-06,53.36907517,-2.646306621,357093.2737,385995.9418,Zero
2019-11-06,53.36907517,-2.646306621,357093.2737,385995.9418,Zero
2019-11-06,53.36907517,-2.646306621,357093.2737,385995.9418,Zero
2019-11-06,53.36907517,-2.646306621,357093.2737,385995.9418,Zero
2019-11-06,53.36907517,-2.646306621,357093.2737,385995.9418,Zero
2019-11-06,53.36907517,-2.646306621,357093.2737,385995.9418,Zero
2019-11-06,53.36907517,-2.646306621,357093.2737,385995.9418,Zero
2019-11-06,53.36907517,-2.646306621,357093.2737,385995.9418,Zero
2019-11-08,53.36907517,-2.646306621,357093.2737,385995.9418,Zero
2019-11-08,53.36907517,-2.646306621,357093.2737,385995.9418,Zero
2019-11-08,53.36907517,-2.646306621,357093.2737,385995.9418,Zero
2019-11-08,53.36907517,-2.646306621,357093.2737,385995.9418,Zero
2019-11-08,53.36907517,-2.646306621,357093.2737,385995.9418,Zero
2019-11-08,53.36907517,-2.646306621,357093.2737,385995.9418,Zero
2019-11-08,53.36907517,-2.646306621,357093.2737,385995.9418,Zero
2019-11-08,53.36907517,-2.646306621,357093.2737,385995.9418,Zero
2019-11-08,53.36907517,-2.646306621,357093.2737,385995.9418,Zero
2019-11-08,53.36907517,-2.646306621,357093.2737,385995.9418,Zero
2019-11-08,53.36907517,-2.646306621,357093.2737,385995.9418,Zero
2019-11-08,53.36907517,-2.646306621,357093.2737,385995.9418,Zero
2019-11-08,53.36907517,-2.646306621,357093.2737,385995.9418,Zero
2019-12-03,53.36907517,-2.646306621,357093.2737,385995.9418,Zero
2019-12-03,53.36907517,-2.646306621,357093.2737,385995.9418,Zero
2019-12-03,53.36907517,-2.646306621,357093.2737,385995.9418,Zero
2019-12-03,53.36907517,-2.646306621,357093.2737,385995.9418,Zero
2019-12-03,53.36907517,-2.646306621,357093.2737,385995.9418,Zero
2019-12-03,53.36907517,-2.646306621,357093.2737,385995.9418,Zero
2019-12-03,53.36907517,-2.646306621,357093.2737,385995.9418,Zero
2019-12-03,53.36907517,-2.646306621,357093.2737,385995.9418,Zero
2019-12-03,51.43054149,-2.823786627,342827.192,170493.0065,Low
2019-12-03,51.43054149,-2.823786627,342827.192,170493.0065,Low
2019-12-03,51.43054149,-2.823786627,342827.192,170493.0065,Low
2019-12-03,51.43054149,-2.823786627,342827.192,170493.0065,Low
2019-12-03,51.43054149,-2.823786627,342827.192,170493.0065,Low
2019-12-03,51.43054149,-2.823786627,342827.192,170493.0065,Low
2019-12-03,51.43054149,-2.823786627,342827.192,170493.0065,Low
2019-12-03,51.43054149,-2.823786627,342827.192,170493.0065,Low
2019-12-03,51.43054149,-2.823786627,342827.192,170493.0065,Low
2019-12-03,51.43054149,-2.823786627,342827.192,170493.0065,Low
2019-12-03,50.28592882,-3.644518928,282938.275,44178.97249,High
2019-12-03,50.28592882,-3.644518928,282938.275,44178.97249,High
2019-12-03,50.28592882,-3.644518928,282938.275,44178.97249,High
2019-12-03,50.28592882,-3.644518928,282938.275,44178.97249,High
2019-12-06,50.28592882,-3.644518928,282938.275,44178.97249,High
2019-12-06,50.28592882,-3.644518928,282938.275,44178.97249,High
2019-12-06,50.28592882,-3.644518928,282938.275,44178.97249,High
2019-12-06,50.28592882,-3.644518928,282938.275,44178.97249,High
2019-12-06,53.4110031,-2.241600494,384037.4337,390492.966,High
2019-12-06,53.72048791,-2.060513037,396104.2866,424899.3734,Zero
2019-12-06,53.72048791,-2.060513037,396104.2866,424899.3734,Zero
2019-12-06,53.72048791,-2.060513037,396104.2866,424899.3734,Zero
2019-12-06,53.82542134,-1.62531816,424761.1216,436637.5108,High
2019-12-06,53.90946744,-0.162477418,520804.8324,447487.4846,Medium
2019-12-06,53.90946744,-0.162477418,520804.8324,447487.4846,Medium
2019-12-06,53.90946744,-0.162477418,520804.8324,447487.4846,Medium
2019-12-06,53.90946744,-0.162477418,520804.8324,447487.4846,Medium
2019-12-06,53.22391402,-1.708279618,419573.9079,369691.5123,Zero
2019-12-06,53.22391402,-1.708279618,419573.9079,369691.5123,Zero
2019-12-06,53.22391402,-1.708279618,419573.9079,369691.5123,Zero
2019-12-06,51.39925146,-0.179428885,526744.8636,168263.2434,Zero
2019-12-06,52.53317075,-1.469062203,436112.5305,292944.0022,Zero
2019-12-06,52.53317075,-1.469062203,436112.5305,292944.0022,Zero
2019-12-08,51.44312355,0.389925258,566188.4464,174279.1222,Zero
2019-12-08,51.39261281,0.923654214,603498.5049,170008.7793,High
